,Throat infection,Skin infection,Cellulitis,Invasive,ARF/RHD,APSGN/CKD
0-4,239.2720596,11749.83421,1120.219166,22.50118694,9.656471043,7.647925066
May-14,1350.841051,6136.35217,488.9712181,5.744989669,86.62179235,6.860445954
15-24,695.4522481,1738.33158,744.1837741,10.79668976,38.44775585,3.449099651
25-44,876.9695935,1906.488493,1275.332118,28.88781877,17.54609223,4.199493284
45-64,362.3135091,1455.812678,2633.791182,59.28513428,3.842825111,9.262879312
65-74,201.140248,2351.605528,1654.79048,15.55828861,2.129653292,0.812462731
75-84,37.13515257,1300.269933,4235.376697,36.712557,0,1.759616509
85+,15.47322833,2863.403891,12493.84175,94.63353414,0,3.074799197
