,Throat infection,Skin infection,Cellulitis,Invasive,ARF/RHD,APSGN/CKD
0-4,0.602162042,25.26453791,14.04316929,4.879395615,6.032263084,1.281735993
May-14,1.187451071,9.886352394,6.259575292,1.295931159,37.84299628,1.082616364
15-24,1.88517598,11.16437698,11.86401359,3.233386242,15.55977738,0.468516415
25-44,1.702257498,17.2518965,27.66522944,8.356358356,6.811323555,0.458954234
45-64,0.793892769,14.73703426,48.80175263,17.46115037,1.49086244,0.792155025
65-74,0.584815934,12.21279647,36.843543,4.625090887,0.826220297,0.060487699
75-84,0.637222779,20.76984802,108.1841795,10.37854522,0,0.125108523
85+,0.402088363,47.03382503,360.3423145,26.58231422,0,0.217601522
