Age,Registered patients
0-4,15523
5-9,14403.40187
10-19,22652.40428
20-29,24654.55959
30-39,23542.32686
40-49,27285.3478
50-59,25164.51823
60-69,19280.04834
70-79,11530.26727
80+,6934.125768
